cliente_id,idade,plano,tempo_contrato_meses,gasto_mensal,suporte_chamados,cancelou
1190,70.0,Basico,1,66.78,1,0
1124,,Basico,8,77.39,2,0
1186,,Padrao,35,101.41,2,1
1214,61.0,Premium,17,69.88,2,1
1107,19.0,Basico,1,114.43,4,0
1128,46.0,Basico,6,42.67,2,0
1177,21.0,Basico,26,93.44,0,0
1074,38.0,Basico,6,20.0,2,1
1276,29.0,Basico,30,52.68,0,1
1243,31.0,Basico,54,40.5,0,1
1267,74.0,Basico,49,51.09,3,1
1148,67.0,Padrao,19,72.42,3,1
1300,40.0,Padrao,37,93.43,2,0
1059,42.0,Basico,5,99.97,0,1
1123,,Basico,50,141.05,1,1
1079,,Padrao,31,93.95,1,0
1012,29.0,Premium,28,90.86,4,0
1168,27.0,Premium,29,87.25,0,1
1221,56.0,Basico,2,74.77,4,0
1030,34.0,Padrao,22,89.42,2,1
1028,29.0,Basico,22,89.99,0,0
1111,44.0,Padrao,41,55.21,3,0
1252,67.0,Premium,48,117.55,1,0
1013,39.0,Padrao,47,119.62,2,1
1106,54.0,Padrao,34,63.84,2,0
1019,59.0,Premium,4,91.5,0,1
1298,71.0,Premium,4,45.8,3,1
1091,18.0,Basico,59,53.37,2,1
1294,32.0,Basico,58,52.31,1,0
1185,30.0,Padrao,29,41.52,2,0
1140,30.0,Basico,54,36.56,0,0
1249,42.0,Basico,49,74.99,3,1
1230,29.0,Basico,2,29.24,0,1
1060,,Basico,18,112.56,0,0
1052,25.0,Basico,39,82.75,2,1
1089,,Basico,27,128.87,1,1
1096,39.0,Padrao,15,123.65,2,0
1165,53.0,Padrao,22,67.29,0,1
1081,,Padrao,43,71.08,1,0
1218,65.0,Basico,7,84.93,0,1
1222,18.0,Padrao,40,130.04,3,0
1229,29.0,Padrao,51,70.29,1,0
1192,25.0,Basico,27,88.07,0,0
1005,48.0,Basico,49,61.85,0,1
1071,33.0,Basico,57,106.86,1,0
1223,50.0,Padrao,9,46.89,0,1
1250,45.0,Basico,36,104.5,1,0
1162,37.0,Premium,33,134.64,2,1
1017,30.0,Padrao,15,70.06,0,0
1209,57.0,Basico,24,95.74,0,0
1001,20.0,Padrao,37,94.24,0,1
1285,30.0,Padrao,48,43.52,2,1
1286,69.0,Basico,44,33.1,1,1
1176,40.0,Basico,57,102.89,1,1
1289,54.0,Padrao,1,49.33,2,1
1120,44.0,Padrao,36,91.55,1,1
1063,51.0,Padrao,3,93.62,3,1
1181,56.0,Premium,52,87.06,1,0
1215,,Padrao,46,75.74,1,0
1194,56.0,Premium,49,94.13,0,0
1159,53.0,Padrao,8,128.33,2,1
1151,27.0,Premium,57,45.31,3,0
1103,38.0,Basico,10,93.57,2,1
1164,49.0,Basico,56,41.57,1,1
1113,43.0,Basico,43,74.62,0,0
1247,50.0,Padrao,10,92.61,1,1
1040,27.0,Padrao,56,90.43,1,0
1171,60.0,Basico,39,62.67,2,0
1086,35.0,Basico,48,100.05,0,1
1244,28.0,Padrao,3,105.07,2,1
1283,28.0,Basico,27,79.64,0,1
1018,68.0,Basico,16,113.44,1,0
1112,52.0,Basico,31,87.43,1,1
1132,50.0,Premium,25,81.53,1,0
1043,62.0,Padrao,51,85.56,3,0
1109,53.0,Basico,29,56.4,3,1
1293,24.0,Premium,31,35.1,1,0
1006,30.0,Premium,32,63.98,0,0
1090,,Padrao,47,50.9,0,0
1039,65.0,Basico,47,51.14,3,1
1175,61.0,Basico,50,96.23,3,0
1068,43.0,Basico,51,20.28,1,1
1257,25.0,Premium,15,124.95,3,0
1108,67.0,Basico,34,20.0,1,1
1035,,Padrao,11,66.24,2,0
1182,28.0,Premium,38,37.29,2,0
1291,52.0,Premium,6,113.84,1,0
1245,,Padrao,1,90.48,0,0
1198,31.0,Premium,28,48.78,1,0
1280,44.0,Premium,38,79.59,0,1
1254,54.0,Basico,15,66.94,2,0
1020,33.0,Padrao,9,76.07,3,0
1015,,Basico,41,35.69,1,1
1092,43.0,Padrao,47,120.07,1,1
1297,19.0,Premium,31,103.02,3,0
1169,30.0,Basico,9,26.75,0,1
1045,63.0,Premium,46,69.82,1,0
1281,31.0,Basico,6,101.05,1,1
1239,37.0,Basico,1,20.0,2,0
1121,61.0,Padrao,9,96.7,1,1
1260,41.0,Padrao,48,89.42,2,0
1042,38.0,Premium,55,71.47,2,0
1080,40.0,Padrao,56,33.17,3,1
1284,63.0,Basico,10,73.68,1,1
1139,58.0,Padrao,44,85.64,2,1
1188,33.0,Basico,41,61.58,0,0
1262,40.0,Premium,55,108.56,3,1
1118,63.0,Padrao,30,101.21,1,1
1100,61.0,Premium,6,69.15,1,0
1009,37.0,Basico,58,92.84,3,1
1228,20.0,Padrao,53,116.38,3,1
1183,60.0,Padrao,8,93.39,0,0
1133,,Padrao,55,57.03,1,1
1032,48.0,Premium,20,32.31,1,1
1172,21.0,Padrao,59,118.23,3,0
1056,58.0,Padrao,32,56.62,2,1
1029,40.0,Basico,30,79.22,1,1
1237,25.0,Padrao,48,94.46,1,0
1170,29.0,Premium,23,95.46,3,1
1049,32.0,Padrao,57,157.93,4,0
1240,,Basico,54,103.55,2,1
1160,71.0,Padrao,44,43.33,0,1
1212,62.0,Padrao,52,141.58,3,1
1034,68.0,Basico,23,46.48,3,1
1094,35.0,Basico,56,122.11,4,1
1147,56.0,Basico,32,117.44,5,0
1036,61.0,Basico,41,71.2,0,1
1205,18.0,Basico,44,71.41,3,1
1064,60.0,Padrao,12,70.74,0,0
1224,50.0,Premium,39,97.62,0,0
1226,74.0,Premium,6,53.93,3,0
1067,29.0,Padrao,30,69.93,0,1
1155,60.0,Basico,33,139.92,1,0
1189,70.0,Padrao,33,123.54,1,1
1248,41.0,Basico,4,91.63,4,1
1259,27.0,Basico,40,67.26,2,1
1048,33.0,Basico,32,80.19,1,1
1220,30.0,Basico,59,135.43,2,0
1207,74.0,Basico,33,46.6,2,1
1041,60.0,Basico,40,67.79,0,1
1022,24.0,Basico,29,138.53,0,0
1102,71.0,Padrao,37,66.54,3,0
1070,64.0,Basico,8,120.92,3,1
1054,49.0,Padrao,48,78.3,0,0
1138,24.0,Padrao,20,96.45,1,1
1025,63.0,Padrao,36,84.81,0,0
1233,59.0,Premium,27,69.73,2,1
1135,54.0,Padrao,13,102.18,2,1
1203,50.0,Padrao,31,21.89,5,1
1117,46.0,Padrao,31,49.74,2,1
1299,,Padrao,5,46.41,3,1
1143,21.0,Premium,38,53.01,1,0
1231,69.0,Basico,15,79.47,2,1
1158,,Padrao,23,87.06,2,1
1275,25.0,Padrao,42,50.72,0,0
1057,26.0,Padrao,46,92.91,1,1
1062,62.0,Padrao,44,71.41,0,1
1173,53.0,Basico,1,61.17,0,0
1174,72.0,Premium,43,60.9,1,0
1085,,Basico,10,90.34,0,1
1178,65.0,Premium,7,29.43,2,0
1115,65.0,Basico,55,75.22,3,1
1272,23.0,Basico,12,49.08,3,1
1251,60.0,Padrao,58,98.75,3,1
1119,38.0,Basico,14,99.88,1,1
1202,72.0,Premium,18,67.84,1,1
1146,74.0,Basico,22,120.09,2,0
1295,33.0,Premium,45,123.84,3,0
1261,55.0,Basico,58,72.63,6,1
1055,65.0,Padrao,33,74.89,0,0
1268,59.0,Basico,50,52.55,0,1
1180,56.0,Padrao,51,48.97,1,0
1195,74.0,Basico,26,64.0,2,0
1193,35.0,Basico,43,61.41,1,0
1099,48.0,Basico,3,126.94,2,1
1213,52.0,Basico,41,85.16,1,1
1131,43.0,Basico,43,90.03,1,0
1098,31.0,Basico,35,87.75,3,1
1271,73.0,Basico,27,72.65,1,0
1083,69.0,Premium,57,77.42,4,0
1187,73.0,Basico,2,87.25,1,0
1061,,Padrao,11,91.0,2,1
1095,67.0,Basico,6,66.72,2,1
1141,29.0,Padrao,49,77.96,4,1
1225,38.0,Basico,37,89.58,2,1
1149,24.0,Basico,19,90.9,1,1
1153,25.0,Basico,6,47.84,1,0
1270,61.0,Basico,3,113.39,0,1
1287,48.0,Basico,4,100.57,1,0
1082,31.0,Basico,9,82.98,0,1
1125,51.0,Basico,47,70.79,1,1
1234,64.0,Padrao,9,77.55,0,0
1235,61.0,Premium,51,28.83,2,0
1014,53.0,Premium,23,69.72,1,1
1097,69.0,Basico,43,83.94,2,1
1241,26.0,Premium,18,88.17,0,0
1046,26.0,Premium,20,111.92,3,0
1208,42.0,Padrao,7,97.39,1,1
1104,46.0,Premium,11,33.03,3,0
1037,,Basico,14,138.12,2,1
1269,22.0,Basico,27,73.97,0,0
1021,50.0,Padrao,26,90.46,2,0
1274,44.0,Padrao,8,111.48,0,0
1211,62.0,Padrao,3,100.98,1,1
1076,28.0,Basico,43,152.61,1,0
1201,37.0,Padrao,1,156.48,0,1
1219,65.0,Premium,40,68.29,2,0
1278,,Padrao,44,73.35,0,0
1296,,Premium,37,88.48,0,0
1150,68.0,Basico,10,20.0,2,1
1264,70.0,Basico,46,55.2,1,0
1003,45.0,Premium,44,25.07,0,1
1199,72.0,Basico,19,20.0,2,1
1053,58.0,Padrao,12,97.42,1,1
1007,52.0,Padrao,20,47.91,0,0
1206,42.0,Basico,47,74.3,4,0
1129,46.0,Basico,29,53.34,1,1
1266,32.0,Basico,42,20.0,0,0
1078,44.0,Padrao,5,63.21,1,0
1114,68.0,Padrao,46,72.4,0,1
1066,64.0,Padrao,41,25.06,6,0
1184,28.0,Basico,8,55.8,0,1
1152,35.0,Premium,9,71.19,4,1
1273,,Basico,7,78.29,0,0
1161,42.0,Basico,11,87.47,4,1
1047,40.0,Basico,28,45.74,0,1
1191,61.0,Premium,6,80.96,0,1
1075,28.0,Basico,37,63.7,1,0
1093,57.0,Basico,55,74.26,1,0
1200,33.0,Basico,27,128.33,0,1
1258,74.0,Basico,4,66.23,1,0
1088,33.0,Padrao,36,106.93,1,1
1144,66.0,Padrao,16,85.7,2,0
1246,29.0,Premium,1,151.48,0,0
1011,40.0,Basico,50,89.86,2,0
1163,74.0,Basico,56,30.45,3,1
1033,28.0,Basico,26,20.0,2,1
1137,74.0,Premium,44,60.41,3,0
1167,30.0,Premium,37,104.38,0,0
1084,60.0,Basico,57,103.72,2,0
1058,21.0,Padrao,38,54.45,2,0
1166,,Basico,47,64.38,1,1
1156,33.0,Padrao,26,44.7,0,1
1101,,Premium,31,51.77,0,1
1126,45.0,Padrao,7,57.39,2,1
1024,72.0,Premium,25,82.08,2,0
1127,,Basico,43,49.03,3,1
1232,,Basico,15,52.93,3,0
1196,64.0,Basico,18,67.65,0,1
1010,25.0,Padrao,51,74.32,2,1
1288,63.0,Basico,12,69.47,0,1
1105,53.0,Padrao,8,99.12,0,0
1154,40.0,Padrao,56,101.43,0,1
1263,31.0,Basico,8,20.0,3,1
1136,65.0,Basico,40,75.21,0,1
1290,33.0,Basico,16,77.11,2,0
1227,68.0,Basico,41,85.32,0,1
1026,26.0,Basico,14,112.29,2,1
1197,41.0,Padrao,58,120.88,1,1
1065,24.0,Padrao,36,108.07,1,0
1016,60.0,Basico,38,112.02,0,0
1110,74.0,Premium,28,29.41,2,0
1027,34.0,Padrao,20,54.63,4,0
1077,31.0,Basico,35,93.05,2,1
1044,45.0,Basico,29,98.58,3,1
1004,44.0,Padrao,8,107.85,1,0
1050,35.0,Basico,51,86.69,1,1
1292,33.0,Basico,42,20.0,0,1
1031,36.0,Padrao,44,55.0,1,0
1122,22.0,Padrao,55,88.89,3,0
1116,69.0,Premium,48,86.1,1,0
1279,41.0,Premium,33,99.42,4,0
1217,60.0,Basico,3,28.08,0,0
1265,22.0,Premium,50,56.53,1,1
1210,32.0,Padrao,59,35.17,2,1
1002,59.0,Basico,46,76.07,0,0
1023,23.0,Premium,10,142.31,1,1
1008,60.0,Padrao,31,60.37,1,1
1142,63.0,Padrao,45,87.86,0,0
1087,28.0,Padrao,24,59.35,3,1
1242,39.0,Padrao,39,58.58,2,0
1216,39.0,Padrao,50,98.46,1,1
1069,43.0,Basico,55,35.15,0,0
1051,39.0,Basico,29,123.0,2,1
1157,64.0,Basico,44,54.88,0,1
1253,48.0,Padrao,57,64.36,1,0
1255,60.0,Basico,17,65.63,0,1
1277,27.0,Basico,32,96.76,3,1
1179,18.0,Premium,16,96.14,3,0
1282,34.0,Basico,51,48.95,3,1
1238,40.0,Padrao,12,64.32,2,1
1072,31.0,Basico,37,58.42,3,1
1130,41.0,Padrao,39,77.88,7,1
1145,61.0,Padrao,47,36.36,1,0
1134,49.0,Basico,46,107.01,1,0
1204,33.0,Basico,55,70.69,1,0
1256,57.0,Padrao,51,103.72,1,1
1073,37.0,Premium,38,34.92,1,0
1236,23.0,Premium,46,31.53,3,1
1038,,Padrao,18,113.18,0,0
